
--Este archivo se debe autogenerar con el modelo   de las validaciones

--riesgo actividadeconomica
insert into riesgo_actividad (riesgo_id, actividadeconomica_id) values (1,1)
insert into riesgo_actividad (riesgo_id, actividadeconomica_id) values (1,2)
insert into riesgo_actividad (riesgo_id, actividadeconomica_id) values (2,3)
insert into riesgo_actividad (riesgo_id, actividadeconomica_id) values (2,4)
insert into riesgo_actividad (riesgo_id, actividadeconomica_id) values (3,5)
insert into riesgo_actividad (riesgo_id, actividadeconomica_id) values (3,6)
insert into riesgo_actividad (riesgo_id, actividadeconomica_id) values (4,7)
insert into riesgo_actividad (riesgo_id, actividadeconomica_id) values (4,8)
insert into riesgo_actividad (riesgo_id, actividadeconomica_id) values (5,9)
insert into riesgo_actividad (riesgo_id, actividadeconomica_id) values (5,10)

--validacionpensionadopagador
insert into validacionpensionadopagador (id, pensionado_id, pagador_id) values(1,1,1);
insert into validacionpensionadopagador (id, pensionado_id, pagador_id) values(2,1,2);
insert into validacionpensionadopagador (id, pensionado_id, pagador_id) values(3,1,3);
insert into validacionpensionadopagador (id, pensionado_id, pagador_id) values(4,2,2);
insert into validacionpensionadopagador (id, pensionado_id, pagador_id) values(5,2,3);
insert into validacionpensionadopagador (id, pensionado_id, pagador_id) values(6,3,2);
insert into validacionpensionadopagador (id, pensionado_id, pagador_id) values(7,4,3);
insert into validacionpensionadopagador (id, pensionado_id, pagador_id) values(8,5,1);
insert into validacionpensionadopagador (id, pensionado_id, pagador_id) values(9,6,1);
insert into validacionpensionadopagador (id, pensionado_id, pagador_id) values(10,7,4);
insert into validacionpensionadopagador (id, pensionado_id, pagador_id) values(11,8,4);
insert into validacionpensionadopagador (id, pensionado_id, pagador_id) values(12,9,1);
insert into validacionpensionadopagador (id, pensionado_id, pagador_id) values(13,9,2);
insert into validacionpensionadopagador (id, pensionado_id, pagador_id) values(14,9,3);

--validacionpensionpagador,
insert into validacionpensionpagador (id, pension_id, pagador_id) values(1,1,2);
insert into validacionpensionpagador (id, pension_id, pagador_id) values(2,1,3);
insert into validacionpensionpagador (id, pension_id, pagador_id) values(3,2,1);
insert into validacionpensionpagador (id, pension_id, pagador_id) values(4,2,2);
insert into validacionpensionpagador (id, pension_id, pagador_id) values(5,2,3);
insert into validacionpensionpagador (id, pension_id, pagador_id) values(6,2,4);
insert into validacionpensionpagador (id, pension_id, pagador_id) values(7,3,1);
insert into validacionpensionpagador (id, pension_id, pagador_id) values(8,3,2);
insert into validacionpensionpagador (id, pension_id, pagador_id) values(9,3,3);
insert into validacionpensionpagador (id, pension_id, pagador_id) values(10,3,4);
insert into validacionpensionpagador (id, pension_id, pagador_id) values(11,4,1);
insert into validacionpensionpagador (id, pension_id, pagador_id) values(12,4,2);
insert into validacionpensionpagador (id, pension_id, pagador_id) values(13,4,3);
insert into validacionpensionpagador (id, pension_id, pagador_id) values(14,4,4);
insert into validacionpensionpagador (id, pension_id, pagador_id) values(15,5,3);
insert into validacionpensionpagador (id, pension_id, pagador_id) values(16,6,3);
insert into validacionpensionpagador (id, pension_id, pagador_id) values(17,7,3);
insert into validacionpensionpagador (id, pension_id, pagador_id) values(18,8,1);
insert into validacionpensionpagador (id, pension_id, pagador_id) values(19,8,2);
insert into validacionpensionpagador (id, pension_id, pagador_id) values(20,8,3);
insert into validacionpensionpagador (id, pension_id, pagador_id) values(21,8,4);
insert into validacionpensionpagador (id, pension_id, pagador_id) values(22,9,3);
insert into validacionpensionpagador (id, pension_id, pagador_id) values(23,10,1);
insert into validacionpensionpagador (id, pension_id, pagador_id) values(24,10,3);
insert into validacionpensionpagador (id, pension_id, pagador_id) values(25,10,4);
insert into validacionpensionpagador (id, pension_id, pagador_id) values(26,11,1);
insert into validacionpensionpagador (id, pension_id, pagador_id) values(27,11,3);
insert into validacionpensionpagador (id, pension_id, pagador_id) values(28,12,1);
insert into validacionpensionpagador (id, pension_id, pagador_id) values(29,13,1);
insert into validacionpensionpagador (id, pension_id, pagador_id) values(30,13,3);
insert into validacionpensionpagador (id, pension_id, pagador_id) values(31,14,1);
insert into validacionpensionpagador (id, pension_id, pagador_id) values(32,14,3);
insert into validacionpensionpagador (id, pension_id, pagador_id) values(33,15,3);
insert into validacionpensionpagador (id, pension_id, pagador_id) values(34,16,2);
insert into validacionpensionpagador (id, pension_id, pagador_id) values(35,17,1);
insert into validacionpensionpagador (id, pension_id, pagador_id) values(36,17,2);
insert into validacionpensionpagador (id, pension_id, pagador_id) values(37,17,3);
insert into validacionpensionpagador (id, pension_id, pagador_id) values(38,17,4);
insert into validacionpensionpagador (id, pension_id, pagador_id) values(39,18,1);
insert into validacionpensionpagador (id, pension_id, pagador_id) values(40,18,2);
insert into validacionpensionpagador (id, pension_id, pagador_id) values(41,18,3);
insert into validacionpensionpagador (id, pension_id, pagador_id) values(42,18,4);

--validacionpensionpensionado
insert into validacionpensionpensionado (id, pension_id, pensionado_id) values(1,1,1);
insert into validacionpensionpensionado (id, pension_id, pensionado_id) values(2,1,2);
insert into validacionpensionpensionado (id, pension_id, pensionado_id) values(3,1,3);
insert into validacionpensionpensionado (id, pension_id, pensionado_id) values(4,2,1);
insert into validacionpensionpensionado (id, pension_id, pensionado_id) values(5,2,2);
insert into validacionpensionpensionado (id, pension_id, pensionado_id) values(6,2,3);
insert into validacionpensionpensionado (id, pension_id, pensionado_id) values(7,2,4);
insert into validacionpensionpensionado (id, pension_id, pensionado_id) values(8,2,5);
insert into validacionpensionpensionado (id, pension_id, pensionado_id) values(9,2,6);
insert into validacionpensionpensionado (id, pension_id, pensionado_id) values(10,2,7);
insert into validacionpensionpensionado (id, pension_id, pensionado_id) values(11,3,1);
insert into validacionpensionpensionado (id, pension_id, pensionado_id) values(12,3,2);
insert into validacionpensionpensionado (id, pension_id, pensionado_id) values(13,3,3);
insert into validacionpensionpensionado (id, pension_id, pensionado_id) values(14,3,4);
insert into validacionpensionpensionado (id, pension_id, pensionado_id) values(15,3,5);
insert into validacionpensionpensionado (id, pension_id, pensionado_id) values(16,3,6);
insert into validacionpensionpensionado (id, pension_id, pensionado_id) values(17,3,7);
insert into validacionpensionpensionado (id, pension_id, pensionado_id) values(18,4,1);
insert into validacionpensionpensionado (id, pension_id, pensionado_id) values(19,4,2);
insert into validacionpensionpensionado (id, pension_id, pensionado_id) values(20,4,3);
insert into validacionpensionpensionado (id, pension_id, pensionado_id) values(21,4,4);
insert into validacionpensionpensionado (id, pension_id, pensionado_id) values(22,4,5);
insert into validacionpensionpensionado (id, pension_id, pensionado_id) values(23,4,6);
insert into validacionpensionpensionado (id, pension_id, pensionado_id) values(24,4,7);
insert into validacionpensionpensionado (id, pension_id, pensionado_id) values(25,4,8);
insert into validacionpensionpensionado (id, pension_id, pensionado_id) values(26,5,1);
insert into validacionpensionpensionado (id, pension_id, pensionado_id) values(27,5,2);
insert into validacionpensionpensionado (id, pension_id, pensionado_id) values(28,5,3);
insert into validacionpensionpensionado (id, pension_id, pensionado_id) values(29,6,1);
insert into validacionpensionpensionado (id, pension_id, pensionado_id) values(30,6,2);
insert into validacionpensionpensionado (id, pension_id, pensionado_id) values(31,6,3);
insert into validacionpensionpensionado (id, pension_id, pensionado_id) values(32,7,1);
insert into validacionpensionpensionado (id, pension_id, pensionado_id) values(33,7,2);
insert into validacionpensionpensionado (id, pension_id, pensionado_id) values(34,7,3);
insert into validacionpensionpensionado (id, pension_id, pensionado_id) values(35,8,1);
insert into validacionpensionpensionado (id, pension_id, pensionado_id) values(36,8,2);
insert into validacionpensionpensionado (id, pension_id, pensionado_id) values(37,8,3);
insert into validacionpensionpensionado (id, pension_id, pensionado_id) values(38,8,4);
insert into validacionpensionpensionado (id, pension_id, pensionado_id) values(39,8,5);
insert into validacionpensionpensionado (id, pension_id, pensionado_id) values(40,8,6);
insert into validacionpensionpensionado (id, pension_id, pensionado_id) values(41,8,7);
insert into validacionpensionpensionado (id, pension_id, pensionado_id) values(42,8,8);
insert into validacionpensionpensionado (id, pension_id, pensionado_id) values(43,9,1);
insert into validacionpensionpensionado (id, pension_id, pensionado_id) values(44,10,1);
insert into validacionpensionpensionado (id, pension_id, pensionado_id) values(45,10,2);
insert into validacionpensionpensionado (id, pension_id, pensionado_id) values(46,10,3);
insert into validacionpensionpensionado (id, pension_id, pensionado_id) values(47,10,4);
insert into validacionpensionpensionado (id, pension_id, pensionado_id) values(48,11,1);
insert into validacionpensionpensionado (id, pension_id, pensionado_id) values(49,11,2);
insert into validacionpensionpensionado (id, pension_id, pensionado_id) values(50,11,3);
insert into validacionpensionpensionado (id, pension_id, pensionado_id) values(51,11,4);
insert into validacionpensionpensionado (id, pension_id, pensionado_id) values(52,11,5);
insert into validacionpensionpensionado (id, pension_id, pensionado_id) values(53,11,6);
insert into validacionpensionpensionado (id, pension_id, pensionado_id) values(54,11,7);
insert into validacionpensionpensionado (id, pension_id, pensionado_id) values(55,11,8);
insert into validacionpensionpensionado (id, pension_id, pensionado_id) values(56,12,1);
insert into validacionpensionpensionado (id, pension_id, pensionado_id) values(57,12,2);
insert into validacionpensionpensionado (id, pension_id, pensionado_id) values(58,13,3);
insert into validacionpensionpensionado (id, pension_id, pensionado_id) values(59,13,4);
insert into validacionpensionpensionado (id, pension_id, pensionado_id) values(60,14,1);
insert into validacionpensionpensionado (id, pension_id, pensionado_id) values(61,14,2);
insert into validacionpensionpensionado (id, pension_id, pensionado_id) values(62,14,3);
insert into validacionpensionpensionado (id, pension_id, pensionado_id) values(63,14,4);
insert into validacionpensionpensionado (id, pension_id, pensionado_id) values(64,15,1);
insert into validacionpensionpensionado (id, pension_id, pensionado_id) values(65,15,2);
insert into validacionpensionpensionado (id, pension_id, pensionado_id) values(66,16,1);
insert into validacionpensionpensionado (id, pension_id, pensionado_id) values(67,17,1);
insert into validacionpensionpensionado (id, pension_id, pensionado_id) values(68,17,2);
insert into validacionpensionpensionado (id, pension_id, pensionado_id) values(69,17,3);
insert into validacionpensionpensionado (id, pension_id, pensionado_id) values(70,17,4);
insert into validacionpensionpensionado (id, pension_id, pensionado_id) values(71,17,5);
insert into validacionpensionpensionado (id, pension_id, pensionado_id) values(72,17,6);
insert into validacionpensionpensionado (id, pension_id, pensionado_id) values(73,17,7);
insert into validacionpensionpensionado (id, pension_id, pensionado_id) values(74,17,8);
insert into validacionpensionpensionado (id, pension_id, pensionado_id) values(75,18,1);
insert into validacionpensionpensionado (id, pension_id, pensionado_id) values(76,18,2);
insert into validacionpensionpensionado (id, pension_id, pensionado_id) values(77,18,3);
insert into validacionpensionpensionado (id, pension_id, pensionado_id) values(78,18,4);
insert into validacionpensionpensionado (id, pension_id, pensionado_id) values(79,18,5);
insert into validacionpensionpensionado (id, pension_id, pensionado_id) values(80,18,6);
insert into validacionpensionpensionado (id, pension_id, pensionado_id) values(81,18,7);
insert into validacionpensionpensionado (id, pension_id, pensionado_id) values(82,18,8);

commit;